"","variables","Imp.var Austria","Imp.var Croatia","Imp.var Czechia","Imp.var Denmark","Imp.var Estonia","Imp.var Finland","Imp.var France","Imp.var Germany","Imp.var Great-Britain","Imp.var Hungary","Imp.var Italy","Imp.var Lithuania","Imp.var Netherlands","Imp.var Norway","Imp.var Poland","Imp.var Portugal","Imp.var Romania","Imp.var Slovakia","Imp.var Slovenia","Imp.var Spain","Imp.var Sweden"
"1","age",4.07877705049512,10.3991050455498,8.43860849945745,3.10015308925047,1.39385130532797,2.05905761163831,6.01328961315089,3.20540236417364,4.54489965147895,3.03255755529117,9.57037465989838,3.98919765831661,3.89040936914692,3.23170468201885,2.58277340334872,0.222003084829239,1.68908098184149,8.255619235061,1.68326109294799,2.44234038364225,1.08397103473051
"2","c_arm",1.8193774645434,2.07764557574344,3.42163917303102,2.2811622734026,0.983704631090585,0.499306801931544,3.9508239721656,2.75663394947043,3.09078928393754,1.96824902292181,1.80742578681644,2.65007673271585,3.02772764977795,3.06287271308437,3.51202875264533,0.0839802120369422,1.17621024408544,1.71600262488233,1.57316411297734,1.80108580003046,0.811734241192882
"3","c_chr",3.73748594730741,2.0847638243526,3.82965193562941,2.19870121132235,1.32771636019155,0.661604647259912,2.75340901657112,2.15036002875026,2.49691789354802,2.8513350516867,2.6081999261364,2.34908903532874,2.90633348553855,1.95664365691091,4.09159082914335,0.228893838435797,3.06348831925607,2.86499243784554,2.95481223809596,1.72103235763904,0.531281856572304
"4","c_cmp",1.55962651122085,1.68005171068734,2.87357197635633,3.54042860899483,1.23529136485882,0.772829181805388,5.59390349689582,2.20274369462637,2.73942108381826,1.02765926194914,2.06712348048875,2.2735976791807,3.05741494721395,2.03103955055216,1.45327947847596,0.126693964598316,0.859199518494231,1.94911806211345,1.22437132375754,0.831293511057531,0.707708631119092
"5","c_cvl",1.39984514462747,1.67999590597179,2.75544577218181,1.46454439411629,1.74703381338454,0.998574669606744,2.42605336801678,2.18734456182874,2.27566144053271,1.35513784780808,3.0867870120181,2.66099977023347,3.2252544289127,2.1679798254674,1.09118390230941,0.0900110454480659,1.22685900412148,2.52921904534365,1.23112416806303,0.750738115551756,0.759655965491518
"6","c_env",2.3103783084052,1.78281226826879,3.39617826251253,1.96939693074716,0.963090666710701,0.571922925696484,2.70192365919268,2.07077461965378,2.85475173946401,1.25617375586126,2.15626071012221,1.76157411004459,3.2433023847609,3.48502537766347,2.66067218063119,0.0965664761470227,1.22799937313411,2.05934620901308,1.53269138900844,0.676719218388783,0.643119266406653
"7","c_eu1",7.82185803986216,1.96590312757517,6.85546474489893,2.32200678787423,3.00639661070059,1.58574465201307,4.43021223610884,7.50041288093184,3.80298325894366,4.48441354381599,13.765316781077,1.95228950521565,13.7257684242739,6.11184071690677,8.65670628488732,0.101038230006511,1.02766851410438,2.38382957317509,1.35373279891997,0.73351928467593,2.08470935055269
"8","c_gvr",1.71648665825505,1.67049843561525,2.4560356216129,3.56478161503093,2.06468544735096,0.924018230656717,11.2879578569321,11.78215553807,2.80960236109647,9.50162357016921,2.18352915502605,2.13325855654761,9.21065904993571,4.65208591781974,9.07764341887458,0.163960828529158,1.47774647078474,5.27103076946915,1.02957707313095,0.521437871784678,1.64681859443394
"9","c_jst",1.47682531649995,1.75066266633934,3.22834884553536,1.35957857367483,1.15497309101729,1.4482437642249,2.41043585548226,3.68796606090175,2.4560403218,1.64684427864469,5.4287593569617,1.99883686648933,5.40595602281502,1.80457793396496,1.78629718606005,0.130316548369795,0.816235681229642,2.52602552292194,1.33664397364772,0.560593462156798,1.51234669737833
"10","c_onu",3.62006748238016,2.34475010311258,4.1855541585991,1.86810234778137,1.43924743383975,0.617164769149763,3.90080465341908,3.34507482095166,2.67263994259832,4.45639064324819,3.54526135296194,2.09225798623579,3.5455553211485,2.1914527586782,2.78545596652659,0.116845001674207,0.984445033331393,2.05463097985221,1.29685514492301,0.69459973580693,1.62381537820525
"11","c_plc",1.31979063988706,2.94519509139541,3.79395702945288,2.95682848809073,0.925724142045053,0.577647576671602,3.10638806608129,4.04521558011104,2.87124550779234,1.22883743204157,1.83997665552713,2.06319445249062,4.70398231242076,2.0741324882785,1.32841412064722,0.163537535910936,1.43037420279423,1.73535703161879,1.51767700998944,1.81951539944382,0.947320696772696
"12","c_prl",2.10250808785484,1.61997542648682,2.99357155821485,2.23836225738354,1.64930633739639,0.695755615585325,4.58461380818897,6.97062068565634,2.0577292220425,2.38144831039893,2.26766943880924,2.98613563485546,13.0270079845947,2.45460908781253,3.03452690326176,0.141735719728115,1.23627414060423,2.90596976217754,1.13159484678086,0.528615325886078,2.30389352418254
"13","c_prs",2.10633283180885,2.15841750674221,2.74255163156145,1.67170321378343,1.20722750085364,0.971868519856813,2.96300476504882,4.83977372002576,2.13473027979345,1.38138011584159,4.60983039320701,2.33494073090253,3.00231370098835,2.76210195812585,2.18767238695174,0.14877244396105,0.932859487263129,1.77767592737016,1.15244861849009,0.709015983727042,0.792277115051382
"14","c_prt",1.58470113108264,0.966334536796717,2.57584633174261,1.3968540602863,0.75611234031983,0.613285982707301,3.19738207366935,2.06871751500587,2.10251265077945,1.09066508175249,2.4620565450667,2.3035468842156,3.66859117242569,1.88897452616688,1.03220744931202,0.0852902305737255,1.03280879006332,2.76829553545735,1.04242013644578,0.521630782312861,0.832080429491238
"15","c_uns",2.22403767371666,1.40501723675977,2.84523629039344,1.74564474997449,1.0028628921148,0.491630876649074,3.55958212604304,1.97485753384779,2.8074955037709,1.48608166013302,5.90827095771423,2.11227022799189,3.55028559945977,1.83810605284041,1.43794770375026,0.102703439556705,0.955627226293985,1.81146057160925,1.33865411633664,0.751293057059727,0.716344610320787
"16","city_siz",2.51658776132942,2.85156361880033,5.43181244135125,2.4457400864753,1.79084732591608,1.01337215537988,3.4522284074704,2.72538072507661,NA,3.29324280444163,3.07001262305829,2.63635583769786,NA,5.65332659347489,1.61077249243171,0.109267849648056,1.71469289768472,2.03265663785408,2.68109411128824,0.848649974931723,1.08251239547662
"17","cls_cnt",1.21428851100627,2.02881332780146,2.24546851681498,2.15292088404422,0.626029251988884,0.448749134634622,2.10965274874605,2.03287772350977,2.99311847917833,0.952989089475229,2.57580281844105,2.07408099242912,2.43163560470754,0.918956573263647,1.17039962677465,0.0937547204934325,0.673465253524603,1.06674518190366,0.912964603030447,0.666278521407265,0.745344094318877
"18","cls_eu",2.45618012779861,2.79159560451071,3.68811123027301,1.81884065360997,1.07176445082239,1.44913993881275,3.55444615285344,2.36983344917429,4.99552222612946,1.40331913063405,13.0479943879998,2.08310192342225,5.92045630100278,2.03595484359771,2.29219604096241,0.112363306763002,0.966167011887913,1.46696582164556,1.32531114387031,0.604379302341462,0.693799502443534
"19","cls_rgn",1.10702662005219,1.91079561527286,2.42241314340442,1.76773193314051,0.780277383880038,0.56543984603145,2.70103951091833,3.18598558048527,2.92431379407734,1.01812820955306,2.20452626732072,1.68676155460659,3.37403198723677,2.11506327805266,1.15011330607387,0.0948078442527122,0.661332056064916,1.13582296836481,0.975508457974778,0.845751025796912,0.748783219758823
"20","cls_vlg",1.47284297789153,2.04528878640919,2.12288558987937,1.59592086182699,0.920349928543108,0.574487527554547,3.14015649775929,2.05293432415667,2.64481711272965,1.21244340853037,2.36988623870342,1.52166408220954,3.28034228961469,1.63277452593606,2.01935578383803,0.113842316381984,1.73518698614841,1.16320836383324,1.28560273255282,0.787167685747311,0.385047801326432
"21","cls_wrl",1.90899371931452,2.27123579606143,3.46792683238227,2.11975699126036,1.35331365278407,0.691481560232402,4.16729737623372,1.90492723735852,4.51099766207373,1.41135695897091,2.82858869387713,2.60811496872191,3.89573690689777,2.13854615956147,1.68079306793137,0.142802772683677,0.898414548759824,1.47532808185286,1.34688465667771,0.642237409635696,0.926072708252327
"22","cq_hwr",0.567970966110343,1.66388912601216,1.32659779161791,0.415371280964649,0.508048561503522,0.278331358187232,1.57973393604545,0.867025995639867,1.34319375660375,0.607030897154111,0.943640737640826,1.03454097233552,1.05637664441149,1.02418069925595,0.56374041738915,0.0845520343656223,1.29302433142989,0.946897971156518,0.599081150436834,0.260576743089782,0.113203422794289
"23","cq_img",0.581221724804396,1.07892792053284,1.28965268541176,1.20484765350592,0.371820849436998,0.376179688432948,1.33839244865478,0.748507430947399,1.96392858268826,0.993539576391147,0.994664405912782,0.918484862170101,1.69238901816691,1.96039114367878,0.452601681376002,0.0320267407607107,0.605898904569206,1.3299058054405,0.568605566134623,0.595256302156634,0.251970130681119
"24","cq_ind",0.736552718642422,1.03889819088368,1.54063736044083,0.813476424811017,0.452179964370735,0.30437016210617,1.35630781961546,0.807870888421598,1.39312849918516,0.455818018192877,1.05981690236717,1.40541223219867,1.61517481283723,0.639440819547486,0.92214368450939,0.0592840284541304,0.404609998257816,0.890529240829343,0.606224716658188,0.256338944703957,0.281545905258194
"25","cq_mnr",0.647918587415181,0.967472209307429,0.729753671971329,2.19413114471842,0.41480517061607,0.159305065776449,1.28755522887032,0.527316256701417,2.40955935892094,0.532252674967487,0.956615514894713,1.20404996631126,0.799415112203209,1.05323801284241,0.728144400003236,0.0533126786345477,0.446623420349989,1.09293244071718,0.503386915917241,0.247748947702855,0.279919887627576
"26","cq_obd",0.643602164944768,0.70204283328011,1.75098014345037,0.399774359969891,0.455973211091038,0.35519202870616,1.23432507208884,0.471665641005671,1.00040356426996,0.578743437675047,0.855890046833389,1.16172423068142,1.31622786387285,1.58353257050549,0.637350263293181,0.052444648167395,0.245419073328576,0.804247238107024,0.693619111962985,0.269850357406381,0.296269845453808
"27","cq_prs",1.03075187354689,1.05771604156574,1.64614435152504,0.696810237544164,0.576795973059562,0.385955858153774,1.27907533230183,0.832772850340504,1.34696766485054,0.58452442815249,0.908861484442517,1.42342616884429,1.4932630744636,1.06619531981647,0.562986274148959,0.0749244352850306,0.490224445360978,1.70793603449624,0.73150126535003,0.373515024294347,0.28026222299887
"28","cq_rlg",0.580210408084433,0.748742517046257,0.981205794242424,0.255242325608525,0.121509523520802,0.184997041861645,0.59444713801259,0.255757350407861,0.517334742271052,0.332606556463221,0.893052080083184,0.929337029501731,0.930590769962235,0.40241679222778,1.57439984952618,0.0499938471397639,0.481704530057289,1.09296234523336,0.303931521459155,0.242741748405239,0.0962227861373759
"29","cq_rsp",0.757312581141805,0.675871334141159,1.64110620786832,0.785385557161282,0.256152369333542,0.258378271724063,1.92502126686771,0.686317060268038,1.33758886794755,0.442310122647875,0.946914343510146,0.860115400773361,0.775681886180182,0.79697271898462,0.654635587375364,0.0614802722113387,0.405645048610033,0.868934612964212,0.548466023721484,0.171104265132566,0.151614302150462
"30","cq_thr",1.08493459263825,1.38937156652091,1.79952391760672,0.402300713770489,0.567320041676122,0.378485658376707,1.2828861757229,0.82118848272294,1.21096445525827,0.638080091839669,0.970557763615351,1.42018869759969,2.40594111454153,0.805578918983762,0.91520194670178,0.0802076237711267,0.498950734038033,1.07136925163401,0.532637834384434,0.38943134748154,0.342206091519767
"31","cq_tlr",0.839460625386173,0.914161539052599,1.58054791626283,0.67434976298541,0.571598635140882,1.06705426801587,1.04513178008631,0.513167243283839,1.01608082831466,0.629656067178626,0.810656538105745,1.37304859337416,1.09484594069963,0.534987378760892,0.53998140074995,0.0745826828116695,0.401238599626702,0.994067638174113,0.626453950576169,0.219663516636262,0.501788365005904
"32","cq_uns",0.205632979562595,1.25291551274903,1.98893579785929,0.870427187695618,0.303312357059598,0.382300802709918,1.48851023907661,0.513379406328919,1.42453047073134,0.470270881303916,0.925413937387162,1.32178657378273,1.32125995280038,1.09342560458647,0.795387744757268,0.0648593580108674,0.249622367028771,1.21934632178218,1.21181627301185,0.135368759047832,0.564039219014374
"33","dmc_aid",3.21337192060934,3.09551617468561,6.85134444351378,3.00374466660614,1.75831268363299,1.40514493381707,5.34690948355114,2.62507972416764,4.57603951195913,2.4606181880052,3.74216532151648,3.71986588350064,6.00111035740668,3.31890357617969,2.72969517288726,0.142777292510306,1.45992224158021,3.7494069109804,2.82388889377844,0.958601033075423,1.02445060599403
"34","dmc_cnt",4.08155022970232,3.16782160893199,7.34207315762803,4.26998446237695,2.75668017553571,2.63022606393449,11.2154791424271,10.003207789765,5.55531983221085,11.5265653521487,4.16070010761553,4.04752597949506,11.7081657692378,5.37610466047466,18.5413314584494,0.212919061708443,2.59254829297502,4.98654096630786,3.3734799832581,2.66544378128141,3.26395016656466
"35","dmc_coup",3.0569342672728,3.50781016034385,6.20500004364028,2.41240071189789,1.59992927797206,2.20903862105058,5.10014957974242,3.39094903056438,5.87273539901407,2.65830083011756,6.11499163639903,4.25220828856472,5.97129408041951,3.67236166538552,2.40860131292486,0.214874461247304,1.89942618986141,4.35127994278819,2.37998726066666,1.18954578795839,0.830761482373948
"36","dmc_eql",3.59576945118654,3.62815542972692,6.37978627561744,4.54265660555382,2.28881917574407,1.42750663040584,6.41109996852226,3.92827116654093,5.81519239460913,2.19645358676221,3.87212526951932,4.50111664252173,6.60711403517299,3.85816617237164,2.75226869851847,0.237897254001711,2.34284993840717,4.17274564451609,2.60563788943722,1.30046792349277,0.751140510347038
"37","dmc_imp",2.48739376830589,2.8864252187985,8.18713103150702,1.32624430714499,1.1141171583538,1.16817774904383,4.31052724957367,1.83551974502288,3.48364401574272,1.88046417143502,2.17797296700676,3.55366045209536,4.17071395580445,1.3395949906039,2.02149772927243,0.119911004600022,1.06850660340235,3.35022394133697,2.13032989722547,0.897633057552008,0.515071655946135
"38","dmc_obey",3.10552471286989,3.70359948165134,7.28383522158836,3.91094713458763,2.44788922860304,1.3991217578652,5.29905243737331,3.08341489284821,6.51115197644114,2.12534634247445,4.89487532755532,4.77947864257271,6.33677108357697,4.21217277069046,3.81499257933882,0.171964038745214,1.48415173383267,3.92449371275865,2.79585630659707,1.17624640858707,2.05562519189549
"39","dmc_ppl",2.09110227455176,2.72950802277961,5.61331081805576,1.30392547603915,0.892569888659856,0.743061545955049,3.80813401593549,1.62152448784342,3.45228117116323,1.42544879394338,2.72995447244023,3.40378793451715,5.61733470657541,2.53006468430798,1.68163723729685,0.114078596012178,1.08991040284783,2.82801703840193,1.89300386223857,0.920705624583224,0.450954605074122
"40","dmc_rght",2.70329299003857,3.09369658137968,5.61016736476153,2.37223707763146,1.2545980697,1.42213919650693,4.55726849753262,3.59350514153048,4.67624396368336,1.79813116816218,2.78374782707742,3.60151073771766,5.34880229266063,3.10630075272959,1.75045204244047,0.121692138479135,0.829292041411978,3.2657440754749,2.03167923829092,1.06004044666952,1.0671734998512
"41","dmc_rlg",2.37888981983544,3.12121041575533,5.6573148013833,2.18387935642594,1.49732716379269,0.910715074902471,3.55084939596539,2.91196986796404,3.88588057519906,2.20501268923296,3.4154998326828,3.9505253133603,5.0134164559459,2.75042821340012,4.47502952106473,0.0965132456068912,1.44157169636003,4.13599984365498,2.21843148436215,1.5405479990176,0.682160095527277
"42","dmc_tax",3.61938563885718,4.11747750830762,6.92195302882032,3.36973875371961,2.40505529775949,1.3180506648032,5.55210927558471,4.20198556697798,5.55981315838426,1.72868242809862,4.37082986707476,4.1773133028393,6.56307554408601,3.76057672427427,2.97391919776441,0.191221205678351,1.69768734132932,4.08981191821606,3.29986241386319,1.16037202117794,1.42001664413709
"43","dmc_wmn",2.26120887634254,2.64134360751683,4.47508014139917,1.07112156042807,0.899908732436375,0.587909125716644,3.25963889039463,1.4222947714611,2.16355564797137,1.42719728329484,2.30025758006282,3.3793085763313,3.44877759841595,1.87547760710993,1.11012368320272,0.0719259065161934,1.38589913748967,2.68554917286017,1.27876369194552,0.603825133158411,0.724002940529678
"44","dut_chl",2.75605158158962,2.85725784701003,4.78559224212469,2.37222079839533,1.20242011579419,1.04722176516344,3.57240029421669,2.21877200781213,2.95185044001608,1.5128196238725,2.63494980343238,2.57999359362452,3.36980074667914,2.11641334729665,1.83643494512864,0.177675071817,1.34907004171265,2.65794530620899,1.67693170221807,0.940975395152682,0.781109990096178
"45","dut_ill",3.00664203975085,1.98325249933844,4.02427244716972,2.07021112875487,1.71896606163388,0.904270802841285,3.23609479017065,2.1764979481574,3.44558743985124,1.18812257659298,2.35497316965077,2.53198235546441,4.12054166675024,2.62027713919308,1.62423737514913,0.0821030135655725,1.26167553115665,1.85026039317369,1.46259774223774,0.81451916663426,0.63664891764478
"46","edu_lvl",1.44941500336212,1.56381293809868,10.3488045369833,1.39342886885831,0.9981258834751,0.715519014654129,2.09944475251013,1.18662802591771,2.28645591878959,1.28443029642352,1.64701135958228,2.33530210246067,5.38985814619129,2.26981733765269,1.12887399717068,0.172957372117465,1.46091868982977,1.03571251828615,1.31139939830894,0.575768095639162,0.659554176074046
"47","el_brb",2.81155038765332,3.05996136872374,3.913939120015,1.5533033413207,0.982076525359926,0.678005657692469,3.98367832379147,1.75294299299283,2.32603301421231,2.84951647631092,3.22052837660056,2.0956069005768,3.00260484593444,1.77196294424709,1.55734170554417,0.13432304879395,1.70803274139145,2.24354335435331,0.956710951231372,1.8107620807163,0.704554018473046
"48","el_fair",2.08641208175186,3.74715142071966,2.82468391667989,0.948454175421109,1.38838496730416,0.645926591142664,3.6914081216563,2.2720520731706,2.2653913595179,3.39840628545947,4.38534150205636,3.18752704461618,5.95612949071529,0.849393205691793,1.41743848875643,0.0749115662184216,1.07758415119672,1.80859565078071,0.818949491142228,0.831726264792456,0.182220754910287
"49","el_jrn",2.61930291767506,2.28156643212323,3.83340833101412,1.6016752800077,1.16847417021231,1.07369292603056,2.66359900724934,2.52137231221844,2.776124804228,1.26545592397472,2.62461948309823,2.70069880006504,3.54988809324015,1.97977123497017,2.0567349853019,0.120240191359859,0.900255339814056,1.97174194798783,1.61146706810889,1.15776075759094,1.99726061623042
"50","el_off",2.15922461217415,3.19083820496007,2.74032603763998,1.69368241857368,1.05219169798256,0.842524276254441,3.37783523318423,2.16531227648095,3.07641691262863,1.37180253648541,2.45825900561761,2.7975417397797,3.29996743040298,1.41183585044887,1.4100935789994,0.113265296165329,0.874235904192579,1.79644644353825,1.08896813954206,0.544520262944815,0.636467431266733
"51","el_opp",2.3547001190348,2.11172973716066,3.3723219370407,1.42751168422224,1.37813176923233,0.676509783056437,4.93219052749298,2.30103516180447,2.36662989484914,1.15708831957587,2.01033308638341,5.60444881363749,6.96016281881395,1.90930852776487,1.24627646387131,0.0807683631990623,0.901874569707217,2.39828607799314,1.92671240553714,0.491038237983236,0.39609826592676
"52","el_rch",1.69981242046092,2.51870547884837,3.99002614698532,2.44308996496123,1.20399216611934,0.910674860410334,5.69955009317599,1.62097551088786,2.8393673460133,1.47176806371114,4.05392806061395,3.68667034310499,4.54799026184856,2.10973151394327,1.51241988823182,0.075030633727695,1.24014911305629,2.12051572384373,1.235113547694,1.10722587129524,0.777011200348316
"53","el_thr",1.05208079455265,2.84857357480292,2.5947649598786,0.758601592598215,0.688529258864846,0.462514656851566,4.52292144992546,0.429916477665458,1.63077479738468,1.537506340545,2.07308336296296,1.77139312011468,1.92392687200685,0.568926680694279,0.934973883642654,0.0718073807373924,0.813232133498401,1.90268788175354,0.719503145132488,0.305229706614198,0.478187114607157
"54","el_tv",1.85203552567589,2.15088022277831,4.47492567808986,2.11973731652261,1.60337322711268,0.948019674943852,4.76957184072497,4.32436110544742,4.08853813060858,3.11799671808486,2.21988375455105,2.36731435865788,6.04345194308462,2.46267912057562,2.78071009243406,0.164176269704029,0.851325858301892,2.07611590878725,3.61603388774349,0.728686075440023,2.25922681341252
"55","env_vs_grw",2.00751457613605,1.48381385696783,3.06828403673438,1.63292635788883,0.864252915764435,0.503620548677972,2.60055100159425,0.965876000640564,3.86977547737111,0.816077752855864,1.32863750893755,1.21364511503086,2.50075254014805,1.1229560788347,0.820324159803629,0.071577547895996,0.660393909129273,2.48416229500931,0.839502880935545,0.301689452361139,0.305196431425638
"56","fc_auth",1.76054934594306,1.53274105846593,2.84987485735223,1.85877688590216,0.903671022266725,0.61861257433834,3.03960445786123,1.25818971581393,4.59082899824221,2.22653041075211,1.3143726924903,2.02678220283743,1.80178562109223,2.02392899747343,1.56513436763582,0.0750045646121484,0.824270502635647,1.84800789010203,1.11947320308231,0.56545429123945,0.5082534085754
"57","fc_work",1.69592730686677,1.60539093813016,2.89067742503193,2.27250731560265,0.692552041424227,0.512951278655738,3.18702833906633,1.29280251997793,2.23388855245075,1.50722037774302,1.51451638488165,1.66030704151019,2.90124385150082,1.6930671824644,1.10410145767601,0.118810651411141,0.703297501263549,1.71220632030013,1.02991967725435,0.696139921191607,0.3705459912569
"58","fgt_cntr",1.66975324062034,0.92575698798401,1.49394212052581,1.35350849489319,0.353497212806717,0.139550409356495,1.31356623854638,0.828095423665607,1.41664796460295,0.911927939991312,1.53022125378424,1.24044520505171,1.48126667372567,1.12299538542528,0.638540110780118,0.0498210642682089,0.40844357456808,1.09900738538743,0.495376303304515,0.963249230097129,0.0588303879063816
"59","frdm_cntl",3.85087814191173,3.5549624241847,6.83452941964027,3.09870088599779,1.35262905996752,1.71584238751829,5.95798506017395,3.64219048462949,4.31516253541997,2.47749264182182,3.82514965636322,4.16384807589722,6.71026750490192,3.7083632058144,2.42135953293634,0.292343945646026,1.54298791926199,2.99768221387611,1.80401368224752,1.21100349675939,1.56036115860396
"60","gvr_eml",1.78516296820191,1.59611500803803,2.96312960243655,1.39037740818789,1.0028866291614,1.02752913603716,3.24590424245559,2.02784503519838,3.22554325845723,1.13461673921859,2.35562668391239,2.08379756926011,3.5054435571331,2.02344698093119,1.17049174274183,0.105535634395194,0.863190996388466,1.76832623054885,1.64074367040361,0.562518907096704,0.866804615161339
"61","gvr_inf",1.95670583065802,2.18068217877331,2.37611857541301,1.50745788264057,1.06850759646928,0.833576482009267,2.55589061426878,1.3709222337375,4.05510679861615,1.01170032221464,2.1081572639442,1.95080112175268,4.10858206489121,1.90026902380714,1.05306858417353,0.115049640630191,0.882851599147158,1.60037783276628,1.42597809141675,0.687294094377329,0.920243971128926
"62","gvr_vds",3.03929284312253,1.93793941143149,4.16488406223875,5.99042527698293,1.24646034129152,0.742889126265689,3.79397277663348,1.98564317016055,2.76989177971595,1.61127104165838,2.80198807258969,2.69298359728705,3.86207730549648,2.8642571599867,1.64948534063958,0.0826989903059978,0.933568275762647,2.08789995905702,1.28900900351942,0.637205283878698,0.536186430603732
"63","hap_feel",1.45442632962478,1.75858743967145,3.10119303428084,1.73673537677255,0.912062724998716,0.608870114402228,2.33707629335688,1.61025187778494,1.60478588767383,1.40857364113076,1.64238902187983,1.58892486782867,2.89587857603408,1.72566705143893,1.15367388915891,0.0522263250855547,0.526321455425465,1.4336986512065,0.747167204941561,0.634480758426186,0.660519095297579
"64","hom_prn",2.65781482116082,3.27484555064994,4.30976658210675,2.64770217592909,1.89169516532222,1.20759102972408,3.13939377389322,3.03129917898028,3.11515597370832,1.77797429295262,3.80966060781331,2.47446626846368,3.32319951532395,3.23999156981365,10.1309279304696,0.179357872394104,1.1294551897521,3.2472383667083,1.70843178448939,0.823926285186172,1.35043251894281
"65","imp_fml",0.932792065507689,0.922387599700351,1.48940876360109,1.52152629154974,0.966597841941373,0.418651338097548,1.34288734218985,1.14044618144538,1.68961113186274,0.603064851252174,0.779095578786287,1.5563484543364,2.62236660545397,0.422819638788972,0.427997006189187,0.025863663080524,0.233324005195747,0.706460228913578,0.55839988420867,0.156010174570426,0.300303240697914
"66","imp_frnd",1.10593554396118,1.10358315183845,3.81884909339416,1.33322964315746,1.07287687007848,0.682810177864153,2.15164578515292,1.14239362251986,2.18260629312465,0.796137495555935,1.23296801527511,2.36980759855411,2.80953070466123,2.01414250521236,0.929688171125229,0.0625034828933271,0.747882395347284,1.7368162622784,0.943160986657845,0.421372323240361,0.627977488894207
"67","imp_imm",13.0685809119538,2.13776443761846,6.27622012952048,3.34853017423519,2.63065870990217,3.36684916630366,4.74215954919604,12.9000908244774,3.4218725204915,6.47007456679602,7.44623306298308,2.32425610856611,14.5829222220601,3.73502261599424,3.0408881659275,0.112674962400591,0.909319584617876,3.35777778378597,1.41863894177345,0.780214952955845,2.66180585548589
"68","imp_leis",2.45748309553141,1.65378058944483,3.21153032341188,1.97509811684469,0.730891742168941,0.590665171224484,2.63244837972674,1.44634156458033,1.86536157050513,0.932764763647067,1.88109206371606,2.09144116200364,2.04728510347482,1.81828534427942,1.11119453627414,0.0733624898110867,0.70304244006819,2.54417982435116,1.35563763465876,0.411560140243147,0.609576357656382
"69","imp_polt",1.90910146109396,1.85074796548333,3.50797256783974,2.12998001295517,2.37772014854945,0.708615576684377,3.31920400129624,2.22177991136453,2.41056464213374,1.45906394397634,3.21418450951673,2.53096597918118,3.94540835427588,1.85172304540018,1.61704697133171,0.155445405519511,1.21702253475777,2.18530363395624,1.27907686346526,0.802024329801721,0.930875761494962
"70","imp_rlg",2.33890367406174,1.85459152853183,4.28131412228273,2.07215043518478,1.04767360497315,0.597086754170117,2.98693329068444,2.93160930668775,2.69883107974204,1.46244757705895,1.92213706040591,3.51124303074987,3.81913048014391,1.96863791899677,2.6337262617308,0.144497758539288,0.801345742535879,2.67454773800604,2.62057556031908,2.48912767286091,0.830601131270232
"71","imp_wrk",1.71382582888742,1.46159951444672,3.53792433473556,1.97947410889252,0.77401725196308,0.672565447555244,2.4167707554467,1.62407086166302,2.95965835799874,1.29184478523625,1.13968893102488,2.20711618568357,3.30013097632355,1.61350582357307,1.08810137215271,0.109482478938943,0.524151755425819,1.60057915469431,0.884977039958325,0.378191243737223,0.68236263058998
"72","incm_lvl",3.54998226856429,3.60172854542483,9.3184185777548,3.67970989041974,2.33366754809188,1.29814318098885,5.83492747124351,3.4476269382708,5.30974644195851,2.57873275622108,4.36523240190465,4.46050510387244,7.03901857299008,3.97126546069504,2.66727672809289,NA,2.11103438153542,6.45513129636109,2.50967182458919,2.01178875264017,1.03989571881387
"73","isco_1digit",3.63474253926509,4.12417187876673,7.46041188560013,2.71989571668782,2.51987681302114,1.28852468229566,5.84428239527231,3.11925689414857,5.928222011043,3.09946788121472,5.20055520307006,4.58186626457347,6.75235697052173,3.69636999398903,3.05881787843366,0.247314916867799,1.82729219704631,4.33806140299823,3.0932222484499,1.47541198318172,2.34566475607464
"74","job_men",2.18560595189118,3.43680019786758,4.17336413376177,0.690570017447921,1.26633194943698,0.578656227733317,2.44275477709298,1.62232376960161,2.62334208099405,2.39542655925007,2.72617523734625,3.03198026765363,3.60485411295817,2.07678306059875,1.51381491984208,0.145284701925796,1.51964951806902,2.66474373796704,1.63613395807479,0.494874232075929,0.768946119603224
"75","job_ntn",6.34112064629303,2.77952653626397,3.66151691708453,3.39803098258195,1.18451847095306,2.06615411214748,4.22143872592922,3.48187429078141,4.169527823259,3.86805848824299,6.66575731407768,1.95664845896544,15.5228890785077,4.00872332024178,3.42700829398591,0.132537753647066,1.03712436582183,2.54615445321562,2.31165763504143,1.45077573905883,1.91085740575183
"76","js_abr",3.46233667059695,3.51542237597983,6.77085209992683,1.89879743121915,1.89161309617705,1.23194860193358,4.33949117498647,3.09019208676179,4.54852783819317,2.56071780068427,3.71833061810007,4.93262053385146,5.95743108209308,3.07779814974363,6.55034842459126,0.159828059096779,1.93368265876697,3.41867314676777,2.64953612230402,2.18458745427384,1.89365878420252
"77","js_bnft",1.78680816095136,2.47118541411179,3.2456970853058,3.75696912797728,1.26671517795744,1.05587892055112,5.78329976842574,2.12335832542967,2.15271683619217,0.789717434094264,2.02176998175044,3.37529262061435,2.86897223483113,2.11319490760995,1.54506486404746,0.12198327268751,0.671346941178346,3.07157155265007,1.68403435056411,1.14234129659112,0.53528699570962
"78","js_brib",1.85817270401722,1.82907516745718,3.33059318868551,0.674174033244034,0.983959410555971,0.476710583999402,3.15090882209317,1.97490077389002,1.1382171443563,1.20114431482193,1.46066730583252,2.44940081583719,3.94557192996716,1.19515508510842,0.895502092988602,0.0584424761605827,0.345514685458678,2.79945837119017,0.732676429480961,0.518204826900206,0.326760156425479
"79","js_div",3.48065442657266,3.12438773740443,5.90708994678617,1.79683061386396,1.56762480053403,1.05462176742336,4.07332051232704,2.2041593752611,3.77245145972521,2.59973964494595,3.93404684909544,4.4893947868138,5.60605406594064,3.25362783612345,3.66671623922482,0.220041522917854,1.94789980458744,3.45228781329077,3.03623072658874,1.15603970404303,1.12708517703069
"80","js_dthp",4.66910638028655,2.56594410454963,6.76944629416612,2.0075158184963,3.16527767220504,3.4812831415422,4.9610300525451,4.32089688623992,6.5701519177537,4.35622260323956,9.32467553661179,3.9664038918774,8.8953866300023,4.3282539763833,2.47745626752268,0.196324156364823,0.967502805409013,3.85013141286008,2.72603607169481,0.936840643059006,1.77373790449856
"81","js_euth",4.04114813378487,3.62524698074813,6.15564797128357,3.11009161869356,1.73753845894694,0.974826070184687,4.36510258969016,2.84817207905036,4.96337404924463,2.07907509379845,3.74059488089124,4.17219801903777,6.12459339670617,3.66261545680108,3.24466197312304,0.19470212361787,1.17765708461027,3.11098987729558,2.78582657157144,1.46753414255914,1.21767525309192
"82","js_fare",1.90957035284727,9.35207682193157,4.67624978505362,3.95755209976845,1.29327834658819,0.925465165799488,5.74425319666723,2.48407830042118,3.98078738801447,2.26937310151056,2.18227889702573,4.09745343616658,5.117132267699,2.54253510803169,1.85252052137307,0.0863067272624002,1.17322187369442,4.60048317924181,1.83878191877698,1.50560746658992,1.03668742509428
"83","js_hom",2.92075685476887,3.43355886438876,9.73740127178837,1.33529931767153,1.55228042681811,1.16298543550967,4.35788631860357,1.96613851365238,3.78746507471834,4.95765911199977,3.45471439812606,2.92804037615223,3.48456517193405,2.01128143413773,5.11629285589597,0.217856446641526,1.09949416040166,4.22579406021653,2.30308428311173,1.95735552506274,1.06254790851514
"84","js_prst",3.54989195969437,2.67258254739362,5.03115338959347,3.50412971857456,2.10549115496165,2.14065116404377,6.52041134022974,3.61701861468975,4.80100277170531,2.38164174119726,3.22844770506678,2.85365663979656,10.5076506559651,3.53517096421001,1.66378408027664,0.189781446969941,1.47940394830988,3.11179387172225,1.98087848435652,1.23059725585112,1.27312968045419
"85","js_sex",2.93760197301134,3.94894685156511,5.35432209276609,3.15704146248203,1.92092247572726,1.37216758444891,6.3816449712972,3.56284610618115,4.96596937757038,1.95583449248256,2.8672563300773,3.75577444876602,6.5381295389639,3.46448093702456,1.99447520311727,0.28327088510566,1.42697675213035,4.80371885870155,3.29650634273729,1.41130799071877,1.09338266302852
"86","js_suic",3.01879917905457,4.47912454341971,5.9940108799941,3.86521174118319,1.15716390081182,1.2020566257758,4.48411025805051,3.59580226653518,4.77260936195104,1.66523713952902,3.24315198808823,2.62483262899804,6.41564732852938,3.17258431353762,2.03118831468095,0.326777807710404,0.657576990819215,3.25063990810865,2.13120731757493,1.65865711875851,1.10191533221355
"87","js_tax",1.80054919062147,4.41004813498815,3.15762379845534,1.09686414409259,1.90010579588355,1.2339886976844,2.59440386538783,1.48287450250211,2.55730895798993,1.12695020250866,2.87239894455373,3.1384156815663,4.36495154230571,2.01042557847789,1.24059566637579,0.0637321921698844,0.779796637877581,2.70620036087485,1.48460673809926,0.988363712474438,0.312430175191991
"88","js_vlnc",1.75103477874822,1.11608134950308,4.24237425025828,0.720924205889026,0.974251229990643,1.35318273638636,6.00943274095655,1.59217276243977,2.79091035279181,0.731150386392299,2.52270871713212,2.18674273058481,4.27662446242041,1.29618661766025,1.21614247053245,0.092527475232567,0.817133694191078,3.00586589506522,0.989734446593619,0.535139087077594,0.58139984912398
"89","life_sat",3.28493457235235,3.78747280250107,6.09017446219343,3.02810112806937,2.5109759069415,1.32824951005633,5.46951213980728,2.50517710006278,4.66952347217222,2.53933685739774,3.69980527303722,4.11063279316778,7.11406177218657,3.2987554924969,2.87582352901668,0.146786942232675,1.25516592112088,4.06399127543537,1.97417792897564,1.17182875677399,1.38165066811279
"90","men_bsn",2.0202368957126,1.43602587873189,3.87521485716303,1.35884344915618,0.994512963180319,0.848030631882962,1.92443282411301,1.3558232411095,2.24680474884267,1.56366447207183,1.27982391341032,2.33540134028313,3.16833139144245,1.39658349778793,1.1220629474277,0.121438145591044,0.776992314001211,2.41875300114628,1.4634853720177,0.799746258262575,0.62701244704494
"91","men_chwm",2.30905060758809,2.0134977400536,2.89228448848395,1.35000799954335,1.01693400762046,0.515252656757856,2.8229006213177,1.91100387262533,3.12284367049458,1.60484555783448,2.02292249267544,2.23883536787539,4.45747838044547,2.05128642652386,1.2508128456474,0.0884923815245064,0.905009733640391,2.86758907231132,1.42691428299338,0.721677644740029,1.44976835046349
"92","men_lead",1.34541534380543,1.92578868043943,3.22870751731758,0.966377974406359,1.15598326793814,1.04153628690487,1.88313716877386,1.17224230684384,1.85724956112207,1.16024533213269,1.83177004203456,1.84232806347413,2.75727807712307,1.17233589959619,1.27734397259329,0.100027697539791,0.953754453711866,2.21637567083495,1.39085385338532,0.791140646982573,0.870050342210258
"93","men_uni",1.67935568788422,1.06222570008676,2.98477607640518,0.579283158917954,1.12376655451839,0.475309693329783,1.7920646411766,0.973569649263948,1.64190641816758,1.03555126028855,1.67141038547953,2.08921464297657,2.97428926939825,1.2866487055363,1.19941772426423,0.0889648073924526,0.7530858054358,1.98699765897273,1.2118573907641,0.390296953336106,0.231494710639615
"94","n_child",3.56900504952716,4.24216099186897,4.70822690897166,2.68918239980959,1.22757191549293,0.990679574489051,3.51082133548909,2.30922419779326,4.10859246862291,1.63905550917544,2.23845980254239,2.78728171300971,3.93355559599602,3.15328727749937,1.70440527677108,0.170802927542257,1.39333144843719,2.8575101636554,2.16268829099635,1.30793262201297,1.30686560227515
"95","nativ",0.417656771410842,0.529071106892318,0.369366693459672,0.762163223246436,0.409697881682938,0.237798181431347,0.620005251785759,0.694519693782123,1.28230846892677,0.0908315590656745,0.323114265342137,0.343234038618536,1.07698343468253,0.6121440729019,0.203927277816289,0.0207616121287027,0,0.129330215987261,0.663704387471267,0.186229486654726,0.0618805067275624
"96","plc_cmpt",3.31812111600866,4.02351017101272,5.77454990700226,7.37300270413808,1.62935735971515,1.53939316861692,6.33144476887594,2.75750871508178,6.58858133702691,1.82612261341611,4.26797641870635,3.96644513143232,6.72283467930169,3.61982249179391,2.32556852629191,0.156780133267504,1.35922688302343,3.80262499787958,2.2992741424596,2.2819390410998,1.06197712477863
"97","plc_eql",3.84342611265351,4.25063709676503,6.55716594829846,9.05887210935735,1.87668784478615,1.18822462317931,7.53704884728118,4.20537593567951,5.65511656056656,2.26946715802065,4.54030740040649,4.21263997003073,9.38811550677573,5.24287152605886,2.65904370614576,0.185940670651251,1.27899330786722,4.31407069930633,2.74418682429339,1.32242702562792,0.874993118563132
"98","plc_int",3.6269835038754,2.31550490765709,3.75143617331681,2.01047894700677,1.77004339477721,0.834006803100409,3.9675642591718,2.09544057782409,3.00839587021579,1.79576919996677,3.93448222710799,3.10373727244746,3.62758448754759,2.64260362178715,1.49301597264205,0.133013586074262,0.93291620325538,2.28898659364326,1.51104059281256,0.893054279823984,0.624405815711554
"99","plc_prpt",3.57092754260613,3.83332736777835,10.8762370419182,12.2003921289555,2.43013426059542,1.37239745483424,8.0047624200477,5.23809340795976,5.56022742597347,2.68691264539552,4.7174223295323,4.46148795349032,8.72085712275713,4.78262915110403,3.80056530579813,0.129653705353234,1.56470167773013,4.23918561885455,2.94127866943115,2.01066040722513,1.04226069100488
"100","plc_rspn",5.23252411554975,3.30964530035766,6.98480045712254,12.1732483518088,1.55300974034312,1.54220072556619,5.771045327235,5.48030568219361,7.85102870487769,2.08943919506904,4.35886785908755,4.54152925982649,7.26042404190777,3.8520076982595,2.95909423793893,0.188023172217367,1.51526378872885,4.02476484887965,2.35818338787514,2.03189810093055,2.18408001643451
"101","pol_rad",5.88446224457376,5.02220091411204,4.29621821458519,7.47338293701085,2.23865504361433,1.31986144542114,7.28805984299338,9.66646684776472,6.97037940009816,3.95585390160844,5.73176071057808,6.81321557954583,4.94949369835713,5.31376103496049,5.83253094069408,0.103231244145921,1.52174961330654,2.96977560540979,2.21781629422076,0.935082729577571,1.00490936647352
"102","pol_sp",22.5866652029911,5.36271566804267,10.3426876600173,26.3179219199002,3.78638638078902,1.14391763370681,9.79640268722833,9.71947441231336,8.49717534542512,18.7072126597311,51.1599725647122,6.46200633945519,7.57827751663232,5.3925723224042,11.4195465651631,0.170196260775647,3.49991224858029,8.19487802777286,8.86196230573397,2.82083370375689,2.1080275950808
"103","post_mat",1.39254358846972,1.75196783380591,3.85986920497987,2.55630286871917,0.497570149849819,0.473501550426603,3.72489898890038,1.52092160970962,2.53712923932153,5.32739880279451,2.54828468387635,1.63008163477438,3.07568616044338,1.54930755626887,1.96046685851149,0.10346436007766,0.694124688064123,1.7084571876266,0.939335377530828,0.878735587038578,0.252351787198924
"104","prd",1.02131438534892,1.68055633053563,2.9363427505848,4.11572776401853,0.865070630892043,0.318502646577604,2.92364157523422,2.24976976546007,4.93798650271478,1.32670777788403,1.97401557692348,2.29126739622534,2.88894378408927,1.47390248160597,0.776443876144552,0.0946490243862349,0.78262261002109,1.1343085995764,1.00899001433304,1.95349089749095,1.19847724374935
"105","ps_arm",1.74063223791108,1.8748231053262,2.00842293201223,1.14638550381212,0.798518525255725,1.2925890973187,3.14910435326272,0.836041178239513,2.08180727863656,1.42857311729329,2.64611755337739,1.96190207014957,2.87979267403487,1.12361210753301,1.82902194080668,0.142189930076823,1.50575259013705,2.02372867076605,1.469384200893,0.262500070516278,0.514010008561073
"106","ps_dmc",1.4322889593114,1.62666860739882,3.42319245735676,1.04749880077136,0.718037512081153,0.903866606442476,2.17712917142563,0.875712311349946,1.50227082018886,1.91580839450132,1.40147459183945,2.62859227843058,2.40575870952357,1.03019376671706,1.06490215373815,0.0513764095696119,0.530312579067916,2.14607610896157,0.822051033112927,0.526099616732949,0.252963801485699
"107","ps_exp",2.02632941665351,1.50027907949914,3.8819922084612,1.75358606338528,1.61828407651634,0.861331595677243,3.04984743074239,1.76754841222432,2.82091972718888,1.52133954045728,2.20215483147285,2.50541684668099,3.57361499969497,2.114684061812,1.48561654420212,0.106842874800093,1.36199761783088,2.10034835833955,1.17264045843601,0.758117072447946,0.857815318811626
"108","ps_lead",2.87000470688759,2.42164153302445,5.85998795490439,1.51811218982464,0.78684991275234,1.08186912264716,2.38888316054092,1.78458361446086,2.57093667908656,1.62836506218874,6.69565495058323,2.88179755813007,3.51235847691356,2.11976760902918,2.5724229344061,0.147432568946932,0.978970147880866,2.16704198427358,1.30413816579854,0.705659377810668,0.663259494994176
"109","ps_sat",3.66304090986547,5.53185301744985,6.57101343206648,3.67502180390861,3.21502994998716,2.08957429965878,9.88231688936037,8.09125475249756,5.94767252315218,15.9483434655118,11.3935135192318,3.78493487193741,15.347088650817,4.13512583123764,15.3399083894049,0.260309329031466,2.15730673505375,4.40276665686443,2.52844127431035,2.65011953347354,4.50641722589835
"110","rel",1.28659681189543,1.01321441395711,2.51257316847539,1.92582175767813,0.757072206648347,0.724578803543178,2.85155570122159,3.42770134806181,2.86824822171249,1.08805036485908,1.30985423638086,0.775292366296151,2.59843808976316,1.85652420244024,0.676008490921435,0.112674396004317,1.28767945651402,1.35134141220292,2.70641390720396,1.59178763783175,0.46084516154962
"111","sex",0.894826800613164,0.994709252004348,1.50642813696028,0.900221994036774,1.3987462081747,0.689546409504891,1.49071705798525,1.12887887013668,1.49615865347075,0.650150682491897,0.984398440414077,1.22911849196326,2.20593061710931,1.23634693890265,0.702148558652645,0.0724334057529658,0.750906750978885,1.08129700583765,0.693649346304836,0.331691714350849,0.227076450093323
"112","trs_faml",0.627620777344832,1.00684534046031,1.34858663798653,0.856118507209561,0.723828677959262,0.96330463102822,1.96771608681251,1.10195555014843,1.01092427108113,0.335464499638704,0.725470966262324,1.23564074693849,2.77528792446389,0.515490731940848,0.845684011481207,0.0705474897565739,0.372627624772515,0.823218623044517,0.603568279607577,0.476837562290811,0.633006066002451
"113","trs_knw",1.5012789528908,1.4607312232511,2.18616233194075,0.759987476729883,0.838294479828137,0.513799447531927,2.13509231470159,1.3769957127625,1.7665343657934,0.815503022203451,2.30246026850409,1.79420911278553,2.87430015886514,1.65622081463343,0.981808134082654,0.0934760754298518,0.838214624429596,1.7349036876574,0.989830820409809,0.486768064781521,0.300400839012444
"114","trs_met",2.39542912776236,2.13608030965467,3.37985503306178,1.39653327930647,0.909226229251775,1.0015631506241,2.57354152289877,1.42668144603226,3.08278050035622,1.38534566431587,2.43711691967025,1.84474984625998,3.2094917816632,1.91470433184007,1.09221458374644,0.0994750883907809,0.813218804695805,2.08121628906139,1.01032606170431,0.640082372449903,1.15740951168478
"115","trs_most",2.4565907618962,0.815141006268981,1.45860614556377,0.475160237918232,0.541951180812934,0.718071748180371,1.2523057642593,0.82949067297138,1.8680288781,0.657051909309563,3.7136033288169,1.3797898767738,2.56827601401154,0.951299568154401,0.623351307596419,0.0729939297184231,0.667825155524577,0.82285814948691,0.704968257283164,0.375646056973826,0.271510708092856
"116","trs_ngh",2.06001763428146,2.33859502698977,2.98120786805206,1.20096021622044,1.2814363053194,0.698332509462779,3.6864427112943,1.72764451095872,2.53597108792964,1.05541991085986,2.21042833038321,1.91537650067843,2.94083526809751,1.84153537277487,0.895766466309057,0.153794666739079,1.289305305138,1.7320508776773,1.59107350112096,0.784312410716821,0.738152927181962
"117","trs_ntn",3.88713217615657,1.75834114193356,5.40377402830745,1.73361482920375,1.29308862360095,2.33126278653471,2.97757186904615,1.73948082049403,1.93551769879727,1.62573212306609,1.99735218208592,2.31547623570437,4.90654236632233,1.96873594412554,1.25436224291072,0.0500204898004072,0.886188939173567,1.86531579401949,1.38725985675134,0.400550321410673,0.689637780797924
"118","trs_rlg",3.9609626473507,1.37509933398983,3.62292790922356,2.25004911024298,1.60905778805609,1.49242230906063,2.68816033266955,2.21714640230714,2.02523948189351,1.17573952790166,2.73054971981839,1.96548218717029,4.25169091687811,1.92148999316457,1.34215711719368,0.119275457903503,0.932104117181373,1.64916493809015,1.22144006792422,0.47230644547836,0.826444947313933
